city,income,credit_score,loan_amount,years_employed,points,loan_approved
Holdertown,49973,464,22397,24,25,0
South John,70306,508,22644,5,35,0
North Anna,88446,798,17896,21,85,1
Shannonstad,70538,367,13343,29,45,0
Moranstad,96562,763,8472,6,85,1
Shawnside,134573,459,31799,9,50,0
Adamland,139022,360,24031,35,55,0
Lake Mauriceside,36630,723,39648,14,50,0
Port Josephbury,99827,739,14003,30,75,1
North Carmen,129973,340,36378,34,50,0
New Carolbury,145528,584,41616,40,65,1
Kellyfurt,52241,796,34516,17,70,1
New Brandonborough,137795,546,39883,5,45,0
West Justin,79692,759,42654,12,75,1
Lake Thomas,111070,802,30371,1,75,1
Thomasview,45915,431,22160,34,25,0
Patrickberg,102063,380,33819,22,50,0
Robinsonhaven,42156,775,4291,35,70,1
Marciaville,74587,431,7336,25,50,0
Port Loriport,35943,303,23589,26,25,0
North Heather,108193,559,20304,29,55,0
East Kimberly,143224,411,11184,6,55,0
West Jeffreyborough,73228,529,10836,17,45,0
Warrenborough,73540,359,8163,36,45,0
Hernandezbury,111609,634,35889,29,65,1
Lake Moniquefort,78629,693,4125,10,80,1
East Nicoleburgh,146578,540,25191,23,55,0
Robertaborough,88743,700,7597,31,80,1
Lake Christopherbury,112213,395,11820,36,55,0
Williamsmouth,105392,681,3509,9,80,1
Pettybury,38907,580,27074,21,40,0
Jaytown,38968,617,1810,13,55,0
North Jameshaven,70319,451,48772,17,35,0
North Danielburgh,33248,465,45046,18,25,0
South Samuelfurt,68652,511,16918,18,45,0
Port Timothychester,89186,441,13778,20,50,0
East Brandy,76112,422,9276,20,50,0
Parsonsland,124156,774,43618,24,85,1
Stephenhaven,124163,836,23140,27,95,1
South Norman,46547,336,46566,17,25,0
East Jill,107924,422,25720,2,45,0
Jessicastad,145970,708,9569,23,85,1
Caldwelltown,65838,521,38154,11,35,0
Jensenport,137031,640,13985,34,70,1
Stephensonmouth,131652,763,30090,24,90,1
East Saramouth,145885,801,46079,20,90,1
North Christopherfort,45012,821,15741,1,55,0
Obrienfurt,68254,343,40430,6,30,0
Hernandezchester,128059,678,26304,23,80,1
Lewisbury,91592,313,3364,1,40,0
Harrellmouth,95435,526,22827,10,50,0
Woodsburgh,142424,652,43195,9,60,1
Lake Roberto,33278,584,11189,13,45,0
Matthewchester,111057,683,31846,18,75,1
Port Maryton,131498,506,2136,17,60,1
South Caroline,101643,780,2590,36,95,1
Vegaburgh,37944,662,15071,11,45,0
Port Wendy,111205,499,12180,10,55,0
Zamoramouth,111691,823,7264,24,100,1
East Paultown,101200,393,10524,30,55,0
Michelletown,85461,598,28119,24,60,1
Lorihaven,93653,462,5300,19,55,0
East Angelaport,117012,468,33209,27,50,0
Murphystad,119687,409,1337,22,60,1
South Amy,40745,713,7025,22,60,1
Faulknerbury,56365,633,25645,17,50,0
Foxchester,62953,375,9213,20,45,0
Lake Victoriaborough,129775,428,7013,11,60,1
Kylestad,145082,825,33589,29,95,1
Lake Amandashire,36590,475,17511,6,20,0
North Stephen,71467,639,3482,5,60,1
North David,135150,776,41990,7,80,1
Port Robertfort,148863,610,16382,13,70,1
Rossport,133262,420,29539,18,55,0
Lake Rebecca,113442,560,26874,16,55,0
New Gavin,110173,336,24575,15,55,0
New Tara,39171,535,6667,26,35,0
North Dawnburgh,95909,817,31755,31,85,1
South Lauren,70857,370,27813,31,40,0
Lake Lee,94178,349,36015,1,30,0
Lake Stephanie,119873,845,49454,36,85,1
Lake Shannon,131276,611,22661,14,70,1
North Jeffery,136957,766,25458,3,80,1
Alexanderhaven,106569,529,44898,21,45,0
Jonathantown,90552,443,8811,26,55,0
South Ronaldview,95597,710,39867,1,50,0
Mccannville,30053,682,34588,36,50,0
East Joshua,58080,386,17263,35,40,0
North Kelseyborough,86179,555,25552,15,45,0
Denisehaven,148284,320,45708,0,35,0
South Ryanmouth,41846,722,12470,0,40,0
Lake Lisa,107992,406,26389,38,55,0
East Raymondberg,30371,455,8573,13,30,0
Mannside,131072,601,36568,31,65,1
Williamport,135717,743,44480,34,85,1
Wellsbury,146147,584,10496,23,75,1
Port Jasonport,43710,451,39288,0,10,0
Rodgersville,37989,346,1633,8,35,0
Allenbury,117404,573,37216,22,50,0
Robertside,83528,435,32057,22,45,0
Lake Kathleenmouth,118647,468,45652,17,50,0
Ericview,148479,675,39152,15,75,1
Dawnton,89598,833,28190,18,85,1
Lake Mark,97952,486,43456,36,40,0
Jamesmouth,48758,832,12364,7,65,1
South Toddton,39632,325,39936,36,25,0
South Timothyville,101228,534,3492,24,60,1
Williamville,91348,505,10101,15,50,0
Haroldport,147868,685,25578,17,80,1
North Jennifer,43176,446,49041,12,25,0
North Kylie,44371,342,21682,19,25,0
Port Jenniferside,58864,523,28862,6,30,0
Lake Holly,77795,318,25681,37,45,0
New Brycechester,141989,465,49008,12,50,0
Powellberg,142513,485,3742,7,55,0
East Lisa,116275,744,32679,17,85,1
West Samuelchester,40561,324,35596,20,25,0
New Wendy,123447,484,45676,35,50,0
New Mackenzie,112155,512,30392,10,50,0
Port Teresaborough,94251,707,33442,34,70,1
East Gregoryport,135458,813,41740,2,80,1
New Kimberlyport,128771,848,23535,26,95,1
North Misty,131677,468,17423,26,55,0
South Stevenland,106019,419,9600,1,45,0
Port Leahstad,148119,483,1837,31,60,1
Ayalamouth,120128,806,8766,14,100,1
Yatesbury,94032,307,36927,23,45,0
Margaretton,37100,520,22482,9,20,0
Morganton,74020,753,49228,17,70,1
Huberville,39838,655,46676,25,40,0
New Matthewstad,100539,386,3840,38,60,1
Hillside,98347,428,1022,32,55,0
Johnbury,107397,380,6613,31,60,1
Sawyerland,148332,520,48700,28,50,0
South Jesus,65774,377,24533,5,35,0
Christophertown,84239,702,25311,19,70,1
Amberburgh,43173,442,14488,25,30,0
Port Kevinstad,33804,713,27591,37,50,0
Diazland,103792,829,17487,24,95,1
North Adamtown,146403,768,27494,11,90,1
Kariborough,44621,821,27305,32,65,1
Lake Scott,37026,764,8486,1,55,0
Briggsville,90931,737,48625,17,65,1
North Brandonport,73357,376,18283,21,45,0
Davidshire,97449,781,4014,24,90,1
Graybury,79192,379,18702,7,45,0
Stacystad,87954,660,11522,32,65,1
Port Michaeltown,103584,645,16574,31,70,1
North Christopher,77453,356,11378,1,35,0
Lake Dianaland,78566,665,12733,15,65,1
New Stacybury,76898,455,23399,25,45,0
Samuelhaven,85392,418,26244,36,45,0
Lake Rodney,82296,686,5847,28,80,1
Danielburgh,97715,769,29074,23,80,1
Lake Christopher,121988,400,42533,6,45,0
East Mollychester,107139,324,46222,10,45,0
Higginsbury,63681,519,15317,23,45,0
Port Heather,148187,651,35717,38,70,1
New Julieport,52431,535,40784,22,35,0
East Joshua,135464,303,16648,19,55,0
Travishaven,145097,586,27075,14,70,1
West Aaron,74424,757,36497,20,70,1
Larryside,30772,449,10660,30,30,0
Meganchester,36057,626,5222,40,50,0
Port Kevinmouth,134247,710,39701,26,75,1
Maryburgh,120519,630,14353,5,65,1
Haleyland,94260,635,23300,37,65,1
Maynardfort,88008,320,30459,37,45,0
East Jeffreyside,77472,543,20126,2,35,0
Elizabethstad,146057,784,37272,33,85,1
Bennettfurt,114886,785,24264,19,90,1
East Jamesville,64675,339,28799,31,35,0
Hernandezfort,35273,515,35880,10,25,0
Ballardfurt,74548,785,10077,21,80,1
Kingport,87433,652,47235,25,55,0
Leeville,89087,406,6099,23,55,0
Mauricechester,65697,424,24009,38,40,0
Floresburgh,109905,446,3748,13,60,1
West Angela,102641,615,18483,26,70,1
South Kenneth,70963,489,5890,6,45,0
Nicolechester,93483,617,14426,17,65,1
East Edward,143992,400,9828,23,60,1
Port Amber,133547,622,1444,39,75,1
Port Melanieport,100678,510,34931,38,50,0
North Stephenfurt,34067,442,2682,38,40,0
Lozanofort,105914,638,16368,0,55,0
West Walter,118117,346,40624,25,50,0
Wilsonmouth,32875,650,41422,23,40,0
North Peggy,93624,443,9071,37,55,0
West Melissa,51174,752,8617,13,80,1
Hornefort,56896,479,5149,29,50,0
South Danielleview,104593,724,12461,35,80,1
Kaylabury,109730,496,34188,38,50,0
Angelaport,143949,322,10205,4,50,0
Elliottton,83516,717,41777,1,50,0
New Debbieton,64718,553,47374,28,35,0
Josephstad,144344,823,26455,10,95,1
East Eric,99541,758,19708,34,85,1
South Heather,114246,835,43009,6,85,1
Raymondburgh,66471,782,29926,27,70,1
East Jenniferchester,112149,383,7045,3,50,0
Durantown,103385,576,28069,14,50,0
Jamesstad,86333,324,20976,10,50,0
Graymouth,111399,480,34336,37,50,0
West Victor,83955,312,49906,33,40,0
Monicaburgh,136724,550,31291,4,45,0
South Sarahbury,139134,695,28693,25,80,1
Katherineside,102255,482,27081,39,50,0
Darylstad,74313,444,34477,24,35,0
Sarahport,95230,825,15931,20,90,1
South Robert,138230,809,36307,34,90,1
Kristyport,143254,607,34206,35,70,1
West Gregory,64099,625,44671,30,50,0
Codytown,65018,841,1824,0,75,1
East Ryanberg,80422,760,39694,8,70,1
East Timothybury,49080,305,26382,11,25,0
Lake Lisastad,138620,524,48872,17,50,0
South Alexis,142743,423,28435,16,55,0
Turnerstad,71588,704,20834,5,60,1
Port Raymond,80968,532,48404,13,40,0
Port Jimmyfurt,62850,636,12615,34,60,1
North Michaelchester,112502,797,19335,5,85,1
New Michellemouth,105454,697,1515,25,85,1
Andrewport,35075,514,22029,12,25,0
Jenniferstad,79060,572,9643,6,45,0
Josephshire,127880,791,5147,9,90,1
West Jeanetteport,140284,513,49068,39,50,0
South Tylerburgh,131250,682,8420,21,85,1
Johnland,102692,708,45151,21,70,1
Shawfort,33390,643,36063,23,40,0
South Neil,78944,774,45535,37,75,1
Port Markmouth,114109,370,14654,0,40,0
South Eugene,39880,376,36851,5,20,0
North Stephenville,94332,409,10295,18,50,0
Barbaramouth,77576,542,20776,9,40,0
Butlerville,34722,532,49999,38,25,0
East Benjamin,60539,345,18387,35,40,0
West Jeremymouth,115841,323,33297,37,50,0
Kellieborough,64522,800,21777,30,80,1
New Nathanielshire,84165,747,3102,32,90,1
North Christina,112727,300,3044,39,60,1
Ryantown,64671,698,23028,25,65,1
Hansonmouth,131361,821,28795,35,95,1
West Melanie,86387,612,1774,2,60,1
Lake Robert,138765,475,7606,27,60,1
Richardberg,110694,374,35264,11,50,0
Christopherside,102132,696,13116,23,80,1
Port Jonathan,50374,398,30481,21,35,0
Taylorchester,77301,777,28558,26,80,1
West John,117026,520,44054,23,50,0
New Jennifer,113746,368,7652,17,60,1
Katieview,130197,565,33435,8,45,0
Shaunstad,126810,563,44477,31,50,0
New Patriciachester,92031,745,21826,20,85,1
Briantown,53600,415,35377,17,35,0
Davisborough,58785,321,4314,21,50,0
West Elizabeth,52782,801,42289,25,75,1
Basston,50006,626,29515,32,50,0
North Julian,140900,428,47871,28,50,0
Parkerbury,120111,590,30042,40,65,1
East Aaronmouth,59871,781,20087,2,65,1
East Seanfurt,111560,552,35462,21,50,0
South Susan,104177,572,8785,26,60,1
West Anthonyton,82565,466,38503,13,40,0
Juliashire,74725,841,40630,23,75,1
Grantmouth,112345,696,22116,23,80,1
Scottmouth,40458,611,46857,25,40,0
Allentown,54920,740,4130,4,75,1
Christopherbury,85519,832,28070,23,85,1
Lake Joseph,59256,373,40920,40,35,0
Bellbury,42240,553,16376,19,30,0
West Jacquelineshire,93956,676,34367,10,70,1
Mooreshire,46728,617,39501,12,40,0
New Lauramouth,121163,556,17197,6,50,0
West Jasonstad,61285,516,28043,32,35,0
Port Williamview,31025,850,38676,16,65,1
Danielville,129991,704,14246,5,75,1
South Cynthia,32757,477,37366,10,25,0
Williamfort,40735,677,46642,3,40,0
Anthonyshire,125631,765,25710,1,75,1
West William,102102,826,19596,19,95,1
Jessicaville,129901,489,33980,39,50,0
New Prestonfort,118777,625,40529,38,65,1
Lake Joshuaburgh,68684,460,16349,2,35,0
Barbaraborough,47224,804,36885,15,65,1
New Diamondburgh,69210,595,36909,30,50,0
Peterbury,144142,430,32415,39,55,0
West Melanie,82098,360,32047,15,45,0
New Nicholashaven,121521,473,11365,6,55,0
Crystalmouth,138794,839,11197,37,100,1
Johnsonside,86498,654,42677,0,40,0
Williehaven,106503,756,32903,2,75,1
Laurenborough,61979,386,28164,23,35,0
Nelsonburgh,74608,385,10288,4,35,0
Mariachester,133643,373,43066,27,50,0
Alexandrachester,69599,470,33974,31,35,0
Herrington,108172,457,45503,28,45,0
Grahammouth,60005,588,3611,7,60,1
Port Shari,79695,584,13826,1,50,0
Port Emilyview,60512,341,12481,30,45,0
East Joshuachester,44408,667,37024,20,40,0
Collinsberg,66046,623,41191,4,40,0
East Debbieland,69321,587,10175,34,60,1
Murrayfurt,43022,500,10198,22,35,0
Simsview,77052,750,6077,18,90,1
Brandymouth,136352,786,23191,11,90,1
South Frances,144955,699,32102,16,80,1
South Dustinmouth,55825,482,26384,23,35,0
Kevinshire,109818,311,18141,23,55,0
Rosebury,79735,364,42641,29,40,0
Lake Kristenberg,109415,685,28991,10,75,1
New John,88028,717,45178,37,65,1
Daniellestad,81990,641,18907,9,60,1
Donnaport,133819,756,40493,27,85,1
Port Marcus,142779,707,46013,13,75,1
North Denise,84040,337,10527,2,40,0
Cortezmouth,60771,700,40440,10,60,1
New Angelashire,33905,525,1471,4,30,0
Port Robertshire,54356,426,30524,29,35,0
New Ashleychester,53788,323,22300,39,35,0
Port Emily,38392,604,41270,37,40,0
New Tracey,68452,335,22159,19,40,0
East Jason,142960,597,45997,22,65,1
North Debra,94923,613,18243,28,65,1
Laratown,109129,464,21907,8,50,0
Robertfort,98146,429,14510,9,45,0
East Mikeburgh,84987,748,36600,19,75,1
New Christian,145296,778,21412,10,90,1
Prestonhaven,109516,650,12285,19,70,1
West Melissa,70888,520,9795,38,45,0
Justinton,43947,391,43749,36,25,0
Smallville,146918,806,41809,22,90,1
South Micheal,116374,805,13807,34,95,1
West Jasonside,70404,516,14356,34,45,0
East Gracefurt,133931,621,42520,28,65,1
West Shane,46683,466,35972,19,25,0
Shaunville,33794,732,24430,25,50,0
South Ronaldfurt,92746,372,38299,5,35,0
Lake Nicole,125448,838,17328,40,95,1
Mooreberg,143292,437,1760,4,50,0
West Cassidy,48726,813,10886,3,65,1
Port Michael,94722,705,11835,29,75,1
Donnaport,135909,543,7285,3,50,0
Lake Edward,67930,572,10321,4,35,0
West Zacharymouth,130072,395,16392,19,55,0
Jenniferfort,100468,790,32393,13,85,1
Lake Samuel,127912,720,24874,15,80,1
Gonzalezport,94799,621,38736,5,50,0
Sheilaview,43006,408,16183,17,30,0
Port Alexisbury,82521,358,6020,3,45,0
Christinaburgh,67752,729,12299,11,70,1
West Shawnaborough,39710,806,47219,22,65,1
New Sarah,85615,551,1573,20,55,0
Jacobview,45129,542,18655,30,25,0
North Rhondaborough,44201,327,2926,37,40,0
Holmesside,80432,420,18155,16,50,0
Port Tammyville,98386,646,47363,5,50,0
Amyburgh,118188,600,13561,1,55,0
Blackburnberg,32540,560,17214,38,25,0
Valdezchester,126276,454,19675,19,55,0
Johnsonview,148123,510,45126,31,50,0
Nguyenburgh,66265,582,39318,7,45,0
Robintown,62591,660,38201,36,50,0
Baileyland,37104,377,38047,5,20,0
Lynchbury,109354,632,48132,34,60,1
North Jeremy,110728,694,10658,22,85,1
Port Darylburgh,124481,535,12516,0,40,0
East Marcus,89871,414,13438,37,50,0
Bowerschester,62527,357,35149,19,35,0
East Christopher,101376,450,10393,10,55,0
Rochaborough,61571,706,16684,35,65,1
Johnsonshire,129125,470,41911,22,50,0
Port Heatherfort,145557,620,43775,25,65,1
Traceyfurt,100592,533,25365,25,50,0
Port Rachaelbury,47342,806,26289,7,60,1
Greerstad,105880,501,48507,12,45,0
New Richard,36868,750,17660,27,60,1
Jenniferland,32719,743,8630,12,65,1
South Michael,117684,518,42161,9,45,0
Craigside,82923,592,28681,0,45,0
East Anthonyshire,80488,544,33062,24,40,0
Rodriguezberg,42224,451,38132,37,25,0
Michaelport,147823,541,33850,17,55,0
Katherinefurt,130518,373,35592,18,50,0
Elizabethland,108104,597,20657,10,70,1
Port Brianshire,94942,835,17251,15,90,1
Amybury,59831,477,44424,4,25,0
Michaelburgh,101810,478,33995,2,40,0
Reginaldton,54164,413,39192,30,35,0
Martinchester,100702,558,46340,19,45,0
Phillipshaven,59451,731,32230,29,60,1
Port Willie,141153,656,27358,10,70,1
Ellenmouth,116900,796,31235,4,75,1
North Brenda,109997,691,32257,37,75,1
East Sydneychester,112719,360,19174,8,50,0
East Tylerland,32671,608,45109,35,40,0
Port Willie,39508,756,11434,11,65,1
West Jeffery,120266,567,3060,7,55,0
Stephenshire,68290,698,1722,37,75,1
East Jamesborough,93092,359,17350,2,40,0
Christinachester,89829,736,7091,2,70,1
Nuneztown,94038,724,3141,0,65,1
Vaughnmouth,109840,609,14055,24,70,1
South Shannon,137715,533,28119,21,55,0
Robertton,92163,770,12251,13,85,1
Dennischester,65992,466,10459,32,45,0
East Heather,90637,658,17820,6,60,1
Lisaville,147821,397,17134,26,55,0
New Sophia,73279,305,28379,2,30,0
Hallton,124276,840,2246,27,100,1
Deborahfort,118835,321,7518,8,55,0
Keithshire,95612,688,26856,22,70,1
North Steve,142199,532,27360,8,50,0
Collierstad,115909,390,29620,6,45,0
Espinozaville,58183,311,36896,5,30,0
Bellborough,98021,728,40272,17,65,1
Port Brandi,47781,753,43078,26,60,1
Wilsonstad,51805,704,35283,25,60,1
Briannashire,128669,656,39305,39,65,1
Port Davidstad,95338,370,22460,20,50,0
North Victoria,94139,674,1972,21,80,1
East Marisa,69446,596,37298,31,50,0
Melissaview,42739,341,2930,10,40,0
Louischester,126289,550,4027,39,60,1
Haleberg,84377,586,29309,13,60,1
Hurstfurt,118696,670,15373,8,75,1
Port Derrickhaven,70492,402,24758,7,35,0
Nancyton,114896,690,17741,7,75,1
South Brittany,45860,698,1291,13,65,1
Williamstown,110301,405,42314,27,50,0
South Keith,87963,845,22892,29,85,1
Dunnville,107128,416,18556,34,55,0
Lake Suzanne,49313,778,18559,40,65,1
Port Kelly,82227,678,36971,3,55,0
Smithfurt,128567,737,6454,19,85,1
Lake Dennistown,73369,787,1280,0,70,1
Parrishton,71347,594,40348,19,50,0
New Trevorview,102529,700,26285,6,70,1
Walkerbury,54957,726,48204,20,60,1
Lake Samuel,108139,698,1650,35,85,1
Arielmouth,60735,686,32144,38,60,1
West Shannon,62411,786,34745,26,70,1
New Grant,58305,371,11622,3,35,0
Jamesport,38161,526,16352,31,25,0
Jamesfurt,103975,499,26996,2,40,0
North Andrew,72753,537,35053,21,35,0
East Robertburgh,144100,337,27017,31,55,0
North Jennifer,90852,763,17727,37,85,1
Smithside,60340,455,7262,37,45,0
Port John,147679,792,25327,35,90,1
Rosebury,125817,389,16413,23,55,0
South Lisa,137387,320,26807,35,55,0
Kellytown,123525,446,10315,37,60,1
Lake Jessica,114080,586,31470,33,65,1
Port Christopher,64600,615,24971,26,55,0
Blakebury,139070,835,7753,5,95,1
Blairside,133636,340,41961,30,50,0
Gutierrezmouth,117806,658,37727,40,65,1
Wagnerbury,64973,520,39230,22,35,0
East Mark,69608,405,20294,1,25,0
Davidsonton,81049,630,29347,26,60,1
Maryfort,71104,731,43522,10,60,1
Mollybury,78520,692,16306,26,75,1
Pettybury,123718,687,7881,7,80,1
South Patricia,133860,803,45024,36,90,1
Youngbury,106622,616,31737,12,65,1
Lake Emily,37455,649,24812,3,30,0
East Stephaniemouth,127404,666,47852,10,65,1
South Dennisfort,62018,538,6493,18,45,0
Timothyfurt,133150,458,38435,2,40,0
East Craigfurt,30221,461,2024,31,40,0
Port Teresaburgh,31792,707,34482,12,50,0
Port Jessica,133369,395,2496,9,55,0
Heidiview,87560,394,33105,22,45,0
New Adamland,56772,346,46933,4,25,0
Maddoxshire,78393,816,6903,14,95,1
New Michael,38326,621,43569,17,40,0
Nathanshire,89638,601,31393,7,55,0
New Danielmouth,83264,343,17103,33,50,0
Ramirezborough,75236,799,17608,38,85,1
Port Heatherchester,127973,409,23371,13,55,0
Markstad,138348,559,33951,0,40,0
Hamiltonhaven,77049,337,44667,35,40,0
East Victoria,86148,452,16032,7,45,0
Paulahaven,147598,406,47294,3,40,0
Wagnerberg,88287,432,21979,33,50,0
Sanchezville,128032,546,26994,31,55,0
South Jefferyville,91669,596,12706,10,65,1
West Loriville,63386,767,41057,10,70,1
Port Michael,81856,451,16484,6,45,0
Kristiville,43154,424,4680,8,30,0
Copelandchester,50181,731,4712,40,75,1
North Stevenborough,84496,755,1613,14,90,1
Amystad,40500,408,4000,10,40,0
Huntfort,82386,639,28591,22,60,1
North Tanyamouth,93532,725,36174,28,70,1
South Alison,47477,837,6503,18,75,1
West Natasha,87424,412,11641,1,35,0
North Lisa,90332,779,7374,29,90,1
Martinberg,39305,511,14562,3,20,0
Taylorview,33552,465,12179,1,15,0
Collinsmouth,39329,454,3392,20,40,0
Port Jenniferview,98955,303,21646,15,50,0
West Robert,43238,807,19888,25,65,1
Michelleview,50926,659,43040,32,50,0
Andrewhaven,117881,846,18222,4,85,1
Blackville,119928,531,22394,39,55,0
Bruceside,65093,326,40911,17,35,0
Davisstad,55995,588,37145,17,50,0
Keithtown,98765,810,45926,9,75,1
East Teresa,102848,314,25265,23,55,0
Lake Stephenburgh,46505,658,32462,29,40,0
West Andrewfurt,106720,823,13650,10,95,1
Lake Richard,91993,502,10875,26,50,0
South Danielle,96784,768,5116,7,85,1
Port Toddchester,72237,343,13868,6,40,0
Antoniobury,60161,850,19918,10,80,1
Lake Ryan,49555,353,44280,19,25,0
Michelleshire,62007,805,15990,28,80,1
North Andre,52838,745,12909,22,80,1
Jonesmouth,61091,498,21338,32,40,0
South Conniemouth,120921,819,5403,17,100,1
Keithfort,30726,691,9532,27,55,0
Lake Jasonfort,87654,333,49922,10,40,0
Smithborough,54931,433,23331,11,35,0
Jonathanfurt,49442,690,9572,40,60,1
Maryberg,117416,330,21885,26,55,0
Wrightchester,33534,768,26209,11,60,1
New Lukehaven,90952,426,18920,36,50,0
Alejandrabury,89245,750,34216,23,80,1
Shermanborough,106931,589,21992,8,65,1
Thomashaven,104177,549,10012,7,55,0
Whitefurt,72247,829,7975,29,85,1
Port Heathermouth,116870,326,9921,0,45,0
Brandonfurt,144867,356,1503,13,60,1
North Melissatown,89929,714,39668,13,65,1
Jessicaland,83269,492,29948,13,45,0
Mccannchester,66458,493,42708,1,20,0
Tamiborough,125561,762,21205,29,90,1
North Tracytown,67093,740,24085,0,60,1
Port Curtis,79941,396,47616,38,40,0
Port Howard,84387,806,48753,7,75,1
West Hannah,138864,388,44716,30,50,0
East Catherineside,42196,323,34947,32,25,0
Meyerbury,138864,612,42656,5,60,1
Reyesside,104000,546,48812,6,40,0
New Mark,79925,559,24725,17,45,0
Keithland,36629,838,15315,11,65,1
Fowlerport,124919,395,12234,6,55,0
East Michaelview,92781,609,33479,9,55,0
West Robertville,102544,763,12215,38,90,1
Daltonhaven,76438,543,28513,31,45,0
North Ryan,50585,802,37551,39,75,1
West Elizabethburgh,61850,422,1830,8,45,0
New Michaelstad,42735,646,28232,0,25,0
Grimesfort,51079,473,35421,30,35,0
Ramirezview,91385,519,49065,1,25,0
Williamsfurt,129061,682,17623,1,65,1
Lake Jenniferside,146939,573,43006,21,50,0
West Charlesville,114323,554,24445,38,55,0
Benjaminborough,50033,592,24394,3,40,0
New Danielle,44208,422,6661,38,35,0
South Jessica,72245,734,25358,3,55,0
Cassiefurt,51643,634,2941,40,65,1
Gonzalezside,136635,520,40209,31,50,0
South Matthewland,71505,804,27251,34,80,1
Port Joshuabury,87125,400,8771,4,40,0
South Kaylee,120027,513,19115,3,45,0
Hickmanport,92296,466,37959,15,40,0
Contrerasberg,65614,633,6853,39,60,1
North Brianna,139168,366,9351,16,60,1
Mcclurefurt,89459,721,45000,8,60,1
Charleston,71245,746,2228,29,85,1
West John,101582,586,9287,32,75,1
East Jessicastad,66160,519,28491,30,35,0
Carrollborough,49536,379,48420,20,25,0
Garyberg,132841,575,49033,7,45,0
Marshallmouth,48894,632,27426,29,40,0
Davidfort,84935,653,25640,7,55,0
Williamsstad,121411,442,31664,29,50,0
South Brady,46704,539,14086,23,30,0
Mckinneychester,57869,596,8548,25,60,1
New Timothyshire,48449,438,4462,33,40,0
Lindamouth,73719,497,2399,24,50,0
Toddborough,79009,553,45586,38,40,0
Lake Jeremy,115813,428,14752,8,50,0
Campbellview,85724,570,34880,20,40,0
Heatherview,149732,504,42212,25,50,0
Stokestown,61830,734,45370,32,60,1
Friedmanview,128038,395,25420,21,55,0
Markside,42704,767,1522,23,75,1
Port Carla,118452,313,17016,24,55,0
Murphytown,38834,395,48902,29,25,0
Kristenchester,67762,824,49724,1,60,1
North Randymouth,38609,655,16001,3,30,0
Bakermouth,103563,592,28722,35,65,1
New Diana,38992,490,2918,20,40,0
Trevorland,139278,670,39080,30,75,1
New Shaneburgh,121382,836,15750,11,95,1
West Shannonberg,100381,399,4316,18,60,1
Kellyhaven,84948,786,37787,0,60,1
New Jesse,76357,326,24544,5,40,0
Bentleystad,63065,693,33083,19,60,1
Lake Nathan,149016,823,40645,10,90,1
South Linda,127310,480,28624,31,55,0
Javierport,121917,479,8355,23,60,1
Bradleytown,95771,792,13675,11,85,1
Derekside,68829,504,20730,19,40,0
Comptontown,45292,752,12397,13,65,1
Annville,71904,387,13610,39,45,0
West Melanieview,127196,344,48823,29,50,0
Jessicaborough,64816,495,26064,23,35,0
New Anthony,59581,516,21519,32,40,0
Jasonburgh,39602,461,24738,38,25,0
West Eric,135840,405,38611,7,45,0
Port Jesseville,62098,689,19217,29,65,1
Erikhaven,56071,618,46238,7,45,0
Jeremyview,72372,783,20897,23,75,1
Andrewview,120573,823,37459,36,90,1
Jenniferfurt,132056,560,1197,13,60,1
Phambury,129458,573,11433,6,55,0
New Kara,103519,725,49896,6,65,1
South Jason,37592,640,20869,0,25,0
Port Christopher,93993,755,35001,22,80,1
Walshville,122124,834,35576,15,90,1
Lindaview,127818,741,25263,23,90,1
Baileyborough,73064,681,44735,32,60,1
Jasonfort,67450,302,9016,35,45,0
Lake Julie,102384,838,40382,9,85,1
East Steven,65976,456,7461,34,45,0
West David,145042,508,37486,14,50,0
Levytown,147899,337,23235,3,45,0
Port Danielfurt,103772,594,36046,29,65,1
North Brendatown,145655,568,15138,2,45,0
North Nathanmouth,96469,797,33863,33,80,1
Hannahbury,80604,416,44507,9,35,0
Smithton,38981,743,39346,30,60,1
Ramseyport,132548,737,40901,20,75,1
Vanessaview,133952,560,17671,23,55,0
New Caitlinmouth,59219,399,30177,11,35,0
East Patty,100010,458,20719,40,55,0
Davisburgh,50052,770,13125,11,75,1
Stokesmouth,100697,435,34636,26,50,0
Geraldview,83005,702,7743,37,80,1
Clarkchester,137665,432,19007,17,55,0
Melendezbury,86626,441,33764,12,45,0
West Amandastad,40328,370,34158,21,25,0
East Richard,33478,792,15008,25,60,1
Michellemouth,149871,454,29820,4,45,0
Marcusmouth,51178,413,7308,33,45,0
Benjaminfurt,136824,797,34643,37,85,1
West Johnberg,69132,545,33162,12,35,0
New Billchester,142108,630,40564,16,65,1
North Christinaborough,36428,474,26615,31,25,0
Port Nicholas,105341,750,48936,40,80,1
North Carrietown,100804,688,8380,14,85,1
Novakton,83492,847,45686,17,80,1
South Drewland,69251,613,16848,25,60,1
New Josephland,127370,844,7621,17,100,1
Lake Kelly,142193,383,32035,7,50,0
Larsonfort,63289,747,26354,20,70,1
Higginsborough,136568,802,47394,20,90,1
Juanstad,39038,728,17185,20,50,0
North Davidville,31658,342,39440,12,25,0
Willisstad,69857,686,44142,37,60,1
Lake Linda,117835,431,10602,38,60,1
Port Ericland,135412,457,28200,6,50,0
South Brookebury,35817,364,14280,27,30,0
Scottview,42833,531,18600,36,25,0
North Johnny,122349,789,8476,4,85,1
North Susan,123850,382,13178,4,45,0
Phammouth,84459,559,24500,22,45,0
Claytonville,113136,554,26218,28,55,0
Alexismouth,77012,799,45571,18,75,1
East Edwardfurt,141082,456,47295,13,50,0
West Toddberg,140580,817,6037,17,100,1
North Sarahburgh,142674,751,30918,0,75,1
New Karenside,57549,630,21723,19,55,0
Port Dwayneberg,116511,763,35816,18,85,1
Nelsonside,48289,524,45866,20,25,0
South Nancyport,99616,621,39483,29,60,1
North Malloryville,65400,603,7721,32,60,1
Port Lauraville,115649,312,5041,14,60,1
Stevenmouth,58221,518,34500,30,35,0
Changmouth,78689,698,7246,29,80,1
Baileyport,113227,322,44137,25,50,0
East Brendaberg,100292,413,35491,23,50,0
Kathrynmouth,141536,443,9124,36,60,1
Heatherchester,139008,452,20653,24,55,0
New Tiffanyburgh,149619,716,43787,30,75,1
Michaelchester,59015,821,37063,11,75,1
Paulmouth,60217,825,14305,25,85,1
West Taramouth,36582,632,48942,36,40,0
Carterburgh,86450,340,20024,38,50,0
Kingland,37355,384,17081,40,25,0
Laurenstad,60162,645,1179,6,60,1
Robinsonchester,36658,619,33662,23,40,0
Port Andrewport,72487,774,45138,34,70,1
Reyesmouth,64237,842,45752,2,65,1
Lake Malik,115461,385,24246,38,55,0
Hillside,47146,464,5513,33,35,0
Reynoldschester,40589,351,22422,27,25,0
New Catherine,50866,491,40006,7,30,0
Lake Lauren,130238,683,38574,30,75,1
Millerland,117580,537,15132,9,50,0
Mistytown,121715,462,28617,30,55,0
Murphymouth,35695,634,23118,24,40,0
Bennettchester,122662,395,15565,26,55,0
New Rickybury,113320,416,31241,7,45,0
Nguyenshire,122901,440,22075,13,55,0
North Melindaville,97839,468,49528,15,40,0
North Theresastad,32260,795,41239,38,60,1
South Sherriburgh,88082,744,11295,3,75,1
Millermouth,85771,805,41129,3,70,1
North Joyhaven,122801,354,46978,13,50,0
Port Thomas,147050,319,8882,34,60,1
Reidshire,98937,603,40423,26,55,0
Mariaview,62087,793,20342,21,75,1
North Natalieview,121506,482,39049,16,50,0
Oscarhaven,60021,601,30734,32,50,0
Hernandezbury,30425,332,38523,7,20,0
Contrerasside,79797,624,30004,39,60,1
New Amy,39862,684,37060,16,50,0
Marshallshire,68427,574,22122,15,40,0
North Haileyfort,118395,400,29768,34,50,0
East Edwardhaven,79808,467,47783,15,40,0
Tannerside,99352,432,41104,5,35,0
Keithville,124098,307,33596,27,50,0
Ronaldmouth,58760,742,27801,23,70,1
West Travischester,141193,617,45889,38,65,1
Michaelburgh,38675,446,38114,25,25,0
New Susanville,116673,512,41993,13,50,0
East Ryanstad,42463,765,42357,33,60,1
New Cassie,40527,602,49065,3,30,0
New Colton,86057,536,35842,24,40,0
Bowersmouth,67512,760,9709,20,80,1
North David,109593,827,43604,21,90,1
Lake Douglas,94686,739,1102,39,80,1
Lake Laura,125932,473,10172,34,60,1
New Lorraineview,64179,717,26430,28,60,1
North Gregory,73515,366,11092,36,45,0
New Mary,38418,588,3980,10,50,0
Franciscofurt,69824,778,49865,15,70,1
Hughesberg,76566,807,3426,8,90,1
Grayton,143441,330,34287,40,55,0
Crawfordberg,116356,330,7527,3,50,0
New Jamie,89048,412,41193,39,40,0
West Lauraport,119593,667,25565,27,70,1
South Paulmouth,62271,355,1849,16,50,0
East Javier,77400,795,19120,37,85,1
North Anna,94569,736,7439,9,75,1
Gravesburgh,104531,821,6491,9,95,1
East Nicoleburgh,148872,580,42162,34,65,1
Kevinbury,133089,760,14167,17,90,1
East Johnfort,134708,584,14255,11,70,1
South Williamfurt,67700,752,40751,13,70,1
Tylerland,39545,543,40309,7,20,0
New Maryside,51465,427,14596,7,35,0
Williamburgh,132769,485,20253,6,50,0
South Scottside,44662,522,4699,8,30,0
Caseyberg,137577,607,45392,25,65,1
South Joshua,100686,606,32734,4,55,0
North Michael,67268,717,38243,34,60,1
Corystad,103000,667,4968,25,75,1
Port Chloe,106435,442,46110,18,45,0
Jimenezburgh,124297,344,4540,23,60,1
New Arthurland,93699,349,1418,26,55,0
North Ann,39150,358,23780,30,25,0
Tylertown,120023,318,49124,3,35,0
Port Chad,77819,724,23274,32,70,1
Juanborough,88878,651,14342,40,65,1
New Neil,30336,481,29881,11,25,0
Leeland,148349,350,3056,16,60,1
Catherineport,117782,748,25996,25,90,1
West Steven,69829,438,24421,10,40,0
Shannonshire,50253,849,12953,6,75,1
Lake Stephanietown,144581,743,45931,14,85,1
East Jill,113810,389,39698,27,50,0
Shannonchester,45194,702,28336,0,35,0
Smithstad,83271,529,34263,18,40,0
Jacobbury,114659,604,13702,34,70,1
Johnstad,89049,536,30872,20,45,0
Jonesbury,131327,570,41963,37,50,0
Sandersview,48643,580,41977,3,30,0
West Jeremybury,117900,722,14104,24,80,1
Whiteton,149111,731,47006,40,75,1
South Patrickville,126180,313,43236,2,40,0
Port Ethanview,121272,818,5349,22,100,1
North Gregory,46540,601,12864,28,45,0
Riverashire,45043,583,49317,39,40,0
Florestown,72516,561,46916,30,35,0
New Brianfurt,61300,422,15714,40,40,0
New James,37665,569,35284,12,25,0
West Steven,127853,760,15786,39,90,1
Donaldmouth,67828,723,15808,12,70,1
Wayneside,115394,701,15752,25,80,1
Port Stevenport,39358,461,5840,28,35,0
North Patrickmouth,124339,341,24958,23,55,0
Port Andrew,82757,767,39900,36,75,1
Cranehaven,63972,670,2950,28,75,1
East Jamestown,90217,456,16633,8,45,0
Davidville,60311,353,14274,15,45,0
Ashleyton,73687,443,10700,33,45,0
East Susan,50032,789,11039,29,80,1
West Williamport,114259,772,30616,2,75,1
Savagehaven,66655,519,44885,16,35,0
Hannahton,60982,786,18601,23,75,1
Port Sarah,42217,455,36443,39,25,0
North Deborahchester,71359,498,20267,12,40,0
Nicolestad,142125,699,25965,39,80,1
Lake Alyssa,83841,551,15218,12,50,0
Lake Patriciaberg,111226,340,25216,17,55,0
Robertsonland,60595,407,28898,4,25,0
Wilkersonmouth,43434,446,18359,8,20,0
East Julie,123872,602,42552,9,60,1
Port Jessica,52810,734,48749,26,60,1
Lake Albertburgh,46483,384,33758,27,25,0
New Brendaberg,76105,358,16557,32,50,0
Lake Rachel,132908,391,15565,22,55,0
Marktown,134614,332,10118,9,55,0
Jacksontown,41003,579,11059,28,30,0
Johnville,149226,730,17711,38,80,1
Gomezfurt,86207,547,47660,18,40,0
South Walter,128548,392,27003,23,55,0
Hannahside,120096,800,36755,31,90,1
Jameshaven,106619,563,39477,20,50,0
North Brianville,31854,641,39950,6,35,0
West Christopherville,132397,583,5211,21,75,1
Clarkstad,146616,673,27253,17,80,1
Sparksborough,67196,600,44390,31,50,0
Dawnberg,32799,306,9502,23,30,0
Jamestown,85069,845,41269,16,80,1
South Danielberg,92021,807,24674,18,85,1
Lake Travis,102309,381,31674,40,50,0
Carriebury,94454,599,9501,38,65,1
Jeremystad,121384,595,4101,9,70,1
Patriciashire,129148,456,13376,9,50,0
Debbieberg,131259,767,18970,1,75,1
Longbury,100236,574,33451,13,50,0
Kevinfort,141355,506,35967,9,45,0
Johnsonview,141240,712,10427,39,85,1
West Donaldchester,87154,472,46632,23,40,0
Evansfort,124692,620,36777,12,65,1
East Shannon,144620,334,20327,1,40,0
Batesbury,111439,549,14870,10,55,0
North Jonfurt,146059,609,26866,23,70,1
Martinezchester,126463,811,19252,37,95,1
Hartfurt,43833,710,40794,17,50,0
New Katie,46544,366,43204,21,25,0
Helenland,32011,568,48654,20,25,0
Angelaberg,54727,625,4716,7,60,1
Cooperton,89890,740,6239,28,90,1
Salazarstad,80196,765,32400,9,70,1
Brianhaven,79986,523,42331,33,40,0
Burkebury,50517,329,20066,17,40,0
Charlesport,35167,607,27664,1,25,0
Port Peterhaven,31824,427,37424,33,25,0
Petersonshire,37894,830,35419,37,65,1
North Danielle,81116,535,31574,39,45,0
Port Alexandra,36006,761,30014,19,60,1
East Dale,65954,325,34148,28,35,0
South Maurice,96162,537,34268,14,45,0
Ginaside,149067,745,43735,22,85,1
Michaeltown,100575,541,13576,7,50,0
Franklinberg,39807,540,34997,31,25,0
West Kennethfurt,109131,729,36272,34,75,1
Lake Alyssafurt,57653,729,30730,21,60,1
Lopeztown,124540,787,44377,33,85,1
Reyesbury,79689,815,39500,0,65,1
Dixonfort,116400,584,6457,22,75,1
Loriville,142917,506,29777,26,55,0
Fordmouth,45525,309,31568,2,15,0
Kristenport,102512,556,37840,36,50,0
Lake Stanley,109964,628,49834,13,60,1
Weaverburgh,55112,802,3487,5,85,1
Lake Tylerport,81173,565,28431,25,45,0
South Andres,116706,504,6959,3,50,0
Port Thomasland,134840,471,34332,24,50,0
New Brian,62406,832,20380,26,80,1
South Zachary,61186,313,34872,6,30,0
North Timothyberg,39016,301,45470,27,25,0
Gayport,116499,356,35573,2,40,0
Port April,96616,709,42107,36,65,1
South Haleystad,134352,802,2790,24,100,1
West Stephanieview,75309,482,29873,4,35,0
Samuelfurt,112240,750,26339,21,90,1
Tarashire,55105,301,33001,15,35,0
East Michelle,30851,481,28020,1,10,0
Martinezport,101819,727,12755,31,80,1
New Michael,66434,810,41986,28,75,1
North Christinaburgh,123375,359,46052,30,50,0
West Judy,119974,515,9044,23,60,1
North Territon,142293,686,21531,4,70,1
West Robert,75607,647,10302,15,65,1
West Scottstad,76955,680,19680,27,70,1
North Jefferyborough,66211,730,46642,34,60,1
Archerhaven,107278,479,18387,22,55,0
Wangshire,149195,684,44042,18,75,1
North James,89469,688,45897,10,65,1
Lake Aprilmouth,64664,308,1774,13,50,0
Davidmouth,42899,351,12009,36,30,0
Leeborough,91524,785,33823,22,80,1
New Johnton,115181,383,28474,37,55,0
East Dannyton,84548,488,45855,32,40,0
Bautistaport,65003,534,46954,5,30,0
Lake Christopherstad,120476,762,42029,34,85,1
Gonzalezborough,85255,304,1841,32,55,0
Pollardfort,142866,486,9837,4,50,0
Anthonytown,145454,639,2867,30,75,1
Flemingtown,44953,793,4417,24,75,1
New Kelseyview,30350,625,27950,25,40,0
Harrisshire,63466,361,1645,7,45,0
Brownhaven,140166,311,12260,20,60,1
Port Matthew,117538,769,45668,29,85,1
Jessicaland,36826,411,42692,36,25,0
Mitchellchester,55042,590,47012,39,50,0
Patriciaside,85057,655,24986,28,60,1
Stephenstown,53206,805,16589,13,80,1
West Joseph,70687,604,38586,25,50,0
Mathewport,109457,710,4617,40,85,1
East Jamieville,32552,334,30257,38,25,0
South Justinport,134036,754,15802,35,90,1
Matthewmouth,85936,420,31183,31,45,0
Audreyview,62780,773,17108,29,75,1
Kyleton,129641,832,46995,21,90,1
Powellfurt,106011,384,33143,1,35,0
East Mary,44871,372,15831,17,30,0
Ramirezburgh,107014,534,27834,19,50,0
Joelchester,72906,549,41616,5,30,0
Sandraview,136318,521,2792,21,60,1
Spencerview,41359,813,21056,14,65,1
Lake Colton,100010,340,21246,28,55,0
Lake Dawnchester,73065,380,25158,29,40,0
South John,57535,456,28948,19,35,0
Brianfurt,69618,428,27407,0,25,0
East Donaldbury,37146,474,34522,34,25,0
West Sharonport,100545,767,16738,23,90,1
North Paulshire,139433,466,13728,27,60,1
Ochoaport,115256,639,32385,9,60,1
South Rachelfort,83523,550,18039,21,50,0
East Kevinside,38285,305,35590,28,25,0
Johntown,108561,794,29767,26,85,1
Christinachester,128759,636,11635,6,70,1
Erinhaven,109569,580,35791,25,65,1
West Douglas,48136,561,6873,9,30,0
North Douglasfurt,134336,404,49590,10,50,0
Brandonport,67606,842,42873,4,65,1
East Louismouth,47154,636,41392,19,40,0
South Shane,109507,824,27741,6,85,1
Port Jamesbury,105674,669,12759,19,70,1
West Erik,119889,634,39892,24,65,1
Houstonborough,98522,850,47054,27,80,1
Sanfordfurt,132676,304,3472,34,60,1
North Douglas,85333,748,3280,8,85,1
Josephshire,122708,704,11200,28,85,1
North William,128848,375,16826,34,55,0
Lake Terry,47172,339,5009,38,35,0
Valerieshire,138124,684,4887,6,80,1
New Anna,83964,832,48787,40,80,1
South Andrewside,125647,353,23935,14,55,0
Brittanytown,138034,473,1684,13,60,1
East Frank,106556,618,5118,40,75,1
Pinedafurt,104946,589,45932,39,60,1
Ashleychester,47038,689,23106,13,50,0
Garciachester,87422,387,8606,9,50,0
Port Mikeside,136093,451,29166,8,50,0
West Bryanbury,86370,596,21927,15,60,1
Port Desiree,105574,835,31039,34,90,1
Spencerburgh,72622,677,18349,32,65,1
Christinaland,80277,631,15734,28,65,1
Brownmouth,121680,456,47973,13,50,0
Debbiemouth,144370,468,3802,21,60,1
South Cassandra,41114,634,11009,19,45,0
Lake Brianmouth,119353,725,32735,29,75,1
South Robert,81645,424,25165,4,35,0
Maryberg,114607,639,32454,29,65,1
Lake Sean,126605,633,28463,12,70,1
Carolynland,141376,716,24818,5,75,1
Carterton,127290,396,29256,17,55,0
Kevinside,119539,634,21194,30,70,1
North Loritown,118555,841,15221,12,95,1
Port Gabrielleberg,36572,794,32989,7,55,0
Port Maryland,41221,316,41387,26,25,0
East Karen,88991,842,28637,14,85,1
South Susan,93335,551,10537,40,50,0
Hallbury,75830,447,41431,16,40,0
North Sophia,65382,611,33284,7,45,0
South Seanshire,99615,758,6768,31,90,1
East Mikeshire,97271,825,40024,32,80,1
Lynnville,61266,439,36031,40,35,0
Jenniferview,133202,723,6688,31,85,1
West Rebeccaland,125321,733,8372,22,85,1
Johnnyville,79823,713,34724,0,50,0
Port Janice,100798,754,6547,34,95,1
South Jacksontown,87711,381,12524,12,50,0
Barberfurt,35683,788,44554,40,60,1
Powersside,56100,484,2219,40,50,0
Mendozaside,47601,333,33930,22,25,0
West Jacquelineborough,116662,396,36240,29,50,0
East Jessicafort,142789,741,19002,22,90,1
East Courtneychester,127080,365,26216,24,55,0
Katherinehaven,102845,495,2174,0,45,0
Rosemouth,59451,697,41062,25,60,1
Spenceberg,66559,516,27240,39,35,0
Warnerland,74657,461,19878,4,30,0
Johnsonton,103048,302,44387,16,45,0
Port Julie,69363,530,22001,22,40,0
Rickeyburgh,46199,321,16906,26,30,0
Ortizberg,66342,354,8547,38,45,0
East Tina,147970,544,36365,7,50,0
Howardton,49769,605,26555,6,35,0
West Christopherburgh,106484,579,30446,32,50,0
Stoneburgh,109069,629,47693,23,60,1
East Daniellemouth,120964,459,46478,12,50,0
Rachelshire,116474,333,12754,20,55,0
Lake Kentburgh,118259,331,27502,28,55,0
Kimberlyville,100807,453,19484,11,55,0
Markside,146860,570,48322,8,45,0
New Carla,141792,745,35305,40,90,1
Atkinsland,94451,727,18041,34,75,1
Jeremyfurt,135582,683,20613,23,80,1
West Jason,55485,464,29760,40,35,0
Williammouth,41836,678,44340,3,40,0
North Ashley,130727,812,8906,33,100,1
Hernandezburgh,40641,808,19520,8,60,1
Shellyside,105631,599,43837,15,60,1
Cochranshire,139769,401,35068,5,45,0
Mooremouth,82262,315,35600,14,40,0
Williamsonview,149034,803,13306,20,100,1
East Amanda,96237,443,28648,11,45,0
Costachester,62742,804,25819,22,75,1
North Michael,135369,531,23607,40,55,0
Barnettmouth,108385,548,7279,24,60,1
Kyleside,124493,370,5995,9,55,0
Lake Kenneth,82772,721,37089,30,65,1
East Josephburgh,45713,593,45786,16,40,0
Carlsonland,75745,535,25786,24,45,0
Smallberg,69117,816,31672,17,75,1
Johnsonborough,51632,371,26289,18,35,0
Annland,149079,670,43816,30,75,1
South Angela,52946,372,10575,8,40,0
West Kevinport,69529,571,14963,0,30,0
North Thomashaven,112978,705,32535,31,75,1
Williamview,139328,725,32621,30,80,1
South Alexanderborough,43356,307,47803,27,25,0
Lake Sarah,128366,546,18640,5,50,0
Danielchester,145357,569,35124,0,40,0
West Amberchester,96039,785,21984,30,85,1
New Karen,100776,433,44477,21,45,0
Toddhaven,82743,755,31015,19,80,1
East Joshuaside,77537,480,49920,21,40,0
Bentleyberg,118781,848,14353,4,85,1
Leeberg,100644,458,6057,18,60,1
Lake Seanshire,61635,333,44759,18,35,0
Codyfort,65720,500,17048,20,40,0
East Haley,41957,763,16752,5,60,1
Claytonport,135396,484,12029,32,60,1
Jacksonport,128235,355,46216,33,50,0
South Christinabury,117153,756,24422,5,85,1
Christopherbury,41164,602,23120,36,40,0
Carrollland,128167,774,6777,7,90,1
East Jennifer,139161,589,22805,20,70,1
Port Kristenfurt,34278,434,49531,17,25,0
Kimberlystad,135788,704,27571,37,80,1
East Stacyberg,35482,594,1900,21,55,0
West Ryanberg,55242,706,33911,27,60,1
Pattersonshire,61890,661,25507,40,50,0
New Danielchester,90901,722,7192,29,80,1
Kelleytown,56685,706,35339,5,55,0
Arthurton,76025,794,47195,23,75,1
Lake Joseph,143636,739,2679,17,85,1
West Elizabeth,48320,670,43610,15,50,0
West Marie,142635,684,37053,1,60,1
Maryhaven,58361,815,11964,9,80,1
New Whitney,121214,304,35472,36,50,0
Crosbyview,120198,333,46238,23,50,0
Port Anthonychester,97561,421,26141,28,45,0
New Abigailville,148410,439,32026,31,55,0
New Tiffanyton,53834,550,46858,35,35,0
Griffinborough,113579,752,46709,22,80,1
Port Kathyborough,119733,521,16269,21,55,0
Grahamland,87199,531,1216,24,55,0
Samuelborough,88756,827,44891,37,80,1
Mccoyland,96768,619,41176,3,45,0
North Paulfurt,31934,633,19101,33,40,0
Wheelerborough,128994,768,8010,8,90,1
Lake Peterberg,71114,637,26646,36,55,0
South James,57742,338,16601,38,40,0
Ericport,127472,752,34154,31,85,1
North James,57110,705,8270,17,70,1
Byrdburgh,50379,608,27612,35,50,0
New Elaine,63082,633,34847,30,50,0
East Paul,53021,492,44637,15,35,0
North Tinahaven,44168,605,24826,34,40,0
West Cherylchester,145429,367,7673,3,50,0
Port Brooke,82383,720,21932,28,70,1
New Jimmyville,108135,379,34222,28,50,0
New Nathantown,41188,482,31397,6,20,0
Mariastad,66048,496,47174,4,25,0
Lake David,107607,687,38195,17,75,1
Kylieside,138093,546,3894,30,60,1
Michaelland,144351,305,21202,28,55,0
West Jill,113066,655,27673,11,70,1
Port Shelia,78147,405,23294,25,45,0
North Garyside,104085,846,1480,40,100,1
Whiteside,39961,712,32251,37,50,0
Amyland,33761,810,7167,29,75,1
West Ericafurt,61358,831,26872,16,75,1
Claytonside,69893,691,38546,24,60,1
North Randy,39287,612,48578,14,40,0
Marshallside,82488,352,21896,40,45,0
Marissaborough,110931,610,24654,29,70,1
Davidshire,124811,730,24947,34,80,1
Paulmouth,48301,353,42345,21,25,0
Pattersontown,54267,481,18290,4,30,0
Kimberlytown,62530,427,21112,36,40,0
Josephstad,132251,488,26392,31,55,0
Snyderbury,43396,451,43995,0,10,0
Travischester,129536,369,3629,12,60,1
New Rachel,87905,489,44948,22,40,0
Johnport,131931,732,34113,7,70,1
Kennethstad,82976,324,22092,27,45,0
North Mark,68566,525,6468,8,45,0
Davisberg,53519,609,16902,37,55,0
West Sandra,96307,829,27571,38,85,1
Valdezside,92070,747,16293,14,85,1
Rodriguezside,125491,741,15312,39,90,1
Howardborough,93788,468,27436,1,30,0
Lake Johnathan,74942,381,14800,10,45,0
Alexandriaview,91993,378,33515,29,45,0
Port Markhaven,42280,543,19250,31,25,0
Dodsonberg,71145,667,20384,15,55,0
Arnoldchester,66463,309,8331,4,35,0
Johnview,93654,495,47244,38,40,0
South Brandon,113283,539,43279,23,50,0
North Matthewfurt,128536,468,29447,3,45,0
Mooreside,61925,774,23610,1,60,1
Josephton,101066,402,12449,2,45,0
Hayesview,107580,512,34165,2,40,0
Port Anthony,127154,409,32809,12,50,0
Stevenside,92277,746,28657,2,70,1
Loganhaven,127735,804,42869,14,90,1
North Dylan,141635,444,6176,15,60,1
East Jesseshire,38564,310,15884,26,25,0
Robinstad,104364,620,28127,2,55,0
South Maria,102199,423,37075,18,50,0
West Deannaland,75056,781,7233,26,90,1
West Geoffrey,43970,804,23228,29,65,1
Joseland,140853,451,40344,36,50,0
Andrewsview,99329,479,27681,32,45,0
Lake Matthewberg,64438,685,11109,10,70,1
Lisastad,128858,708,25801,39,80,1
Averyview,80205,362,21862,29,45,0
Adamburgh,40543,652,7547,30,50,0
Kevinport,55313,745,48041,22,70,1
Evanmouth,116951,324,30808,29,50,0
West Seanshire,119705,463,7372,3,50,0
Lake Dillon,119399,507,10051,19,60,1
Romanland,131976,570,11822,27,60,1
Lake Larry,34165,682,29711,33,50,0
Ronaldview,34207,683,11003,30,55,0
Sanchezmouth,113202,547,12591,29,55,0
North Brittany,85723,405,48884,13,40,0
West Nicholas,115316,337,6868,38,60,1
West Loriland,47786,525,7330,10,35,0
Davismouth,78351,355,47503,19,40,0
Port Amanda,121983,670,46117,4,65,1
South Pamelaside,45014,596,43068,19,40,0
Stephanieshire,45814,404,10652,29,35,0
West Brandon,105849,831,20228,34,95,1
Deniseport,108301,778,23186,9,85,1
Joefort,143386,705,39562,13,75,1
Hunterfort,44168,812,11097,12,70,1
Gonzalezberg,80019,375,30625,11,45,0
New Melissa,34117,651,45731,3,30,0
Austinside,43577,343,32607,23,25,0
East Robert,51567,344,14432,29,40,0
Fordton,56318,361,31064,33,35,0
West Luisburgh,47275,307,15538,18,30,0
Cookshire,63408,376,30443,3,25,0
West Justin,96244,847,1545,31,95,1
South Allisonfort,84524,374,24860,1,30,0
Franciscoville,61963,366,14887,38,45,0
Perezfort,145247,690,23971,37,80,1
Hammondfurt,86155,814,35567,26,80,1
West Lindabury,57659,376,22437,10,40,0
New Timothyberg,142947,577,48404,2,40,0
East Donna,85302,469,18370,33,50,0
West Kimberly,74375,534,47406,37,35,0
Karenstad,104691,432,47049,6,40,0
East Zachary,102264,827,4235,36,100,1
Lake Austinport,145750,316,34922,8,50,0
Hoffmanview,115175,627,32765,20,65,1
Christophermouth,97033,596,43453,12,55,0
Port Barry,87898,690,24892,3,60,1
Shawfurt,132581,434,8191,6,55,0
South Catherineport,109482,332,26781,21,55,0
Kennedyfort,116991,474,2307,37,60,1
North Brucetown,115426,342,7346,13,60,1
Nicholastown,134662,498,46916,23,50,0
New Cristianside,62493,491,24972,20,40,0
South Sean,45906,697,32223,17,50,0
New Heatherton,75293,556,6194,33,55,0
Christianshire,129943,414,5047,35,60,1
North Beth,56062,362,21552,3,30,0
Jonesview,145898,337,46574,18,50,0
Adammouth,35209,458,3617,9,30,0
North Nathanhaven,111830,557,35957,33,50,0
New Sandraborough,54586,374,45823,27,35,0
New Virginialand,99514,783,3079,18,90,1
West Jasonbury,143940,405,24178,35,55,0
Michaelchester,118184,506,33568,40,50,0
Stoutfurt,53086,402,48468,33,35,0
South Allenfurt,56680,730,27234,6,55,0
North David,57938,464,9829,40,45,0
West Elizabethberg,114717,564,25876,9,50,0
West Victoriamouth,115814,792,38930,8,80,1
Port Gail,46334,643,49218,3,30,0
Lauramouth,42015,594,12650,32,45,0
Alexisville,100282,478,39782,9,45,0
Walkerberg,100701,317,16363,31,55,0
North Stephanie,109471,565,17871,1,40,0
West Tommy,108222,366,20315,0,40,0
Kathrynview,70730,364,24948,27,40,0
Barnestown,83736,442,21756,24,45,0
South Richardchester,104177,457,28146,30,50,0
Gallegosburgh,46299,337,39353,24,25,0
New Kayla,58477,491,2718,39,50,0
Edgarberg,135043,607,17295,33,70,1
South Matthew,61566,801,23440,34,80,1
Port Shannon,82350,657,2747,26,70,1
New Stacy,115215,761,38164,13,85,1
Cervantesborough,105243,388,39149,1,35,0
North Kimberlyville,50861,342,34246,6,30,0
Emilychester,129035,465,28947,13,55,0
New Karenbury,130348,310,30714,24,55,0
East Amandafort,91261,370,26493,13,45,0
Lake Ellenhaven,103579,670,2194,23,85,1
Port Ashleyshire,49340,628,8174,29,50,0
Colemanside,114889,446,41709,13,50,0
North Fernandobury,57607,621,21766,18,55,0
Lake Deborah,65509,510,46545,4,25,0
North Sydney,102350,594,28498,28,65,1
North Kimberly,130593,576,12729,7,55,0
East Gregory,114939,691,41613,15,75,1
Anthonybury,54983,524,17079,14,40,0
Phelpsberg,48958,648,35919,22,40,0
North Rachel,136269,507,1231,39,60,1
Danielport,33280,531,16161,25,25,0
Stoneville,45670,351,43358,15,25,0
Merrittfort,42676,760,17986,15,60,1
Andersonland,127647,617,37629,24,65,1
South Maria,58534,407,34527,39,35,0
Leroystad,72219,801,30038,21,75,1
Amyview,124329,795,13600,15,90,1
Garciaton,72437,773,47702,14,70,1
Haleymouth,106225,518,31498,36,50,0
East Maryview,133544,772,29454,0,75,1
Port Leslieview,126530,367,14826,36,55,0
South Travisland,108697,841,34706,9,85,1
Mitchellton,92422,796,32450,36,80,1
Stevenside,65179,731,16892,13,65,1
Jamesburgh,64814,355,36969,29,35,0
Lisaview,99822,706,6178,23,80,1
South Williamland,106955,645,42729,19,65,1
Adamsfurt,147677,337,14579,14,60,1
Hoshire,39869,418,46515,8,20,0
Lopezberg,92518,345,4964,8,50,0
West Samantha,52280,791,14995,12,75,1
Rebeccafurt,31947,808,37990,40,65,1
Murphyton,33101,392,15261,8,20,0
New Meghan,44322,697,24252,11,50,0
Port Allison,41813,652,9926,25,50,0
Lake Charles,99163,574,11107,24,50,0
Onealmouth,140795,832,24195,38,95,1
Bergland,41970,453,1455,21,40,0
Mullinsburgh,93242,811,6824,21,95,1
Johnathanberg,62325,641,6341,37,60,1
Port Brandi,47361,486,41842,32,25,0
South Henry,73404,840,3168,21,90,1
Barnesborough,89441,601,37304,9,50,0
Port Sarahshire,52871,653,9401,37,60,1
New Dawnton,101511,690,6143,3,75,1
Shannontown,137984,348,34252,23,55,0
Marcusborough,143619,512,36501,25,50,0
New Justinside,115717,656,23772,17,70,1
Delacruzbury,84379,548,8535,32,50,0
Hansonborough,46591,417,5400,0,20,0
New Brookefurt,90142,773,39032,35,75,1
New Jack,68680,422,44976,15,35,0
North Samantha,37972,628,37457,32,40,0
Milesborough,68890,309,20733,26,40,0
Lake Raymond,75870,615,1420,10,70,1
Dorothyhaven,48964,748,17297,12,65,1
West Heather,45157,409,42328,22,25,0
Lake Kevinborough,71224,458,22218,10,40,0
North Elizabeth,90068,830,24674,24,85,1
South Timothyton,41959,599,27109,2,30,0
West Fred,142824,630,47486,14,65,1
East Leslie,120461,371,11921,11,60,1
East Arianashire,98494,728,36321,7,65,1
North Larryton,144316,389,22842,29,55,0
East Stephaniefort,145957,775,37944,37,85,1
New Matthewland,59444,843,32147,27,75,1
Port Rachel,64737,787,19384,35,75,1
Carterberg,51992,514,15295,12,40,0
Brandonton,114012,499,24758,35,55,0
North Tonyaberg,89878,300,19822,29,50,0
Jamesborough,69139,506,5482,21,50,0
Baileyville,147914,748,48316,28,85,1
South Joseland,30942,749,8693,15,65,1
Lake Courtneymouth,88115,806,41005,34,80,1
New Williamville,50289,675,47603,2,50,0
Foxland,130704,787,30378,23,90,1
North Joshuafurt,49887,807,2235,24,80,1
Markville,50730,726,39253,19,60,1
Micheleburgh,137551,493,42712,39,50,0
West Kevin,93517,443,47815,24,40,0
Angelashire,40322,727,20345,9,45,0
West Maria,91894,403,48313,5,35,0
Lewisport,89609,557,6384,29,55,0
Chapmanmouth,85176,427,17535,2,40,0
Port Miguelchester,84460,687,44222,33,65,1
Garrettberg,62853,645,1572,36,65,1
Chaseberg,66241,665,33625,1,35,0
Port Cheyenneberg,149356,366,31299,38,55,0
Hallmouth,45396,605,9183,34,50,0
Kennethville,79672,793,5183,21,90,1
Benjaminton,64362,598,16651,13,55,0
North Joseph,120957,403,17142,35,55,0
South Tylerchester,99621,321,47426,33,40,0
New Melissa,113748,715,29029,32,75,1
Mullinschester,33617,692,16594,28,50,0
New Jamesside,44592,729,15446,28,55,0
South Miguelview,90589,690,42847,23,65,1
Lake Amanda,68752,486,12492,9,40,0
South Anna,59038,606,40038,25,50,0
Port Christopherfurt,128176,707,47272,37,75,1
East Micheleview,68696,794,5331,14,85,1
Meaganville,56111,722,26072,24,60,1
Martinezburgh,143567,790,16126,35,90,1
Markmouth,109806,832,34875,36,90,1
Lake Codyfurt,112578,589,41305,6,60,1
Annettefort,132436,364,2160,28,60,1
West Connorside,51747,584,13725,39,55,0
East Rebeccafort,125236,825,12161,11,100,1
North Felicia,116163,628,25993,7,65,1
Lake David,43069,377,13333,11,30,0
South Lori,70189,492,32958,6,30,0
Lake Tyler,99579,841,1220,9,90,1
Port Nicholasmouth,120357,661,37234,4,55,0
Carrville,106858,484,30283,38,50,0
New Williamton,120480,703,9844,10,85,1
East Barbarashire,133364,380,16172,3,45,0
Karamouth,36764,725,13516,13,55,0
Lake Donaldtown,54914,782,41525,2,60,1
Lake Patriciashire,37936,376,8418,30,35,0
East Mary,107832,705,48043,14,70,1
New Nicolestad,149964,699,27072,38,80,1
Robinsonberg,125991,473,49356,32,50,0
West Hollybury,91953,359,17022,5,45,0
Johnathanton,35014,324,41592,5,20,0
Deborahmouth,122459,771,38574,33,85,1
New Mark,102340,562,45623,25,45,0
West Thomas,110676,837,22981,4,85,1
Port Edward,116200,606,38623,12,65,1
East Williammouth,59466,735,44571,30,60,1
Joyborough,117747,418,38541,23,50,0
Port Juliantown,73025,540,29292,37,35,0
Jacobsshire,66585,810,48901,15,75,1
West Jennifer,65683,645,32624,25,50,0
West Jessicamouth,101987,346,10223,15,55,0
Vasquezshire,33783,500,9246,14,30,0
Christinashire,61439,540,42793,22,35,0
Petersonchester,123343,654,46641,37,65,1
West Toddbury,83545,647,42698,2,45,0
Evanschester,71704,352,14068,13,45,0
East Kimberly,41542,537,14973,19,30,0
North Tyler,115823,462,20891,35,55,0
Stephanieport,127671,600,43827,25,65,1
Jenniferport,72081,462,38200,40,35,0
Mendozahaven,90036,755,40448,36,75,1
Colemanport,127218,638,42080,37,65,1
Reedmouth,104963,591,25115,3,60,1
Willisfort,108269,447,33740,14,50,0
Davisborough,62662,466,26460,25,35,0
Bishopview,53405,643,18716,17,55,0
Sarahhaven,141449,336,31346,39,55,0
Lake Brittanyfort,46011,361,40653,8,20,0
East Charles,49410,740,22195,36,60,1
Hoodview,117062,314,48842,27,45,0
New Jillfurt,144650,620,26831,39,70,1
Townsendton,123302,581,6437,9,70,1
Douglasland,142670,397,37758,10,50,0
Martinezview,149806,760,14702,5,90,1
North Rachel,43446,478,48720,24,25,0
North Joseph,42097,701,5678,34,60,1
Rosarioville,107656,361,23894,23,55,0
Shortton,122493,572,35669,2,40,0
East Trevorshire,63092,336,23665,4,30,0
Smithport,111381,352,33547,37,50,0
Garciaborough,60784,644,33553,32,50,0
East Mary,133126,429,14119,38,55,0
Rebeccahaven,95323,636,28501,16,60,1
Ariasfurt,122214,833,19774,38,95,1
Port Toni,118125,639,48546,8,55,0
Grimesmouth,51319,795,23618,21,70,1
Port Gabrielleton,35383,650,29158,38,40,0
Michelletown,134349,599,43559,24,65,1
South Andre,67056,808,48681,25,75,1
New Emilyside,112960,781,32189,35,85,1
Chambersstad,91069,685,40407,22,65,1
Port Jose,109887,361,29303,2,40,0
Julietown,77953,364,38169,6,35,0
Sandrastad,72176,773,14149,3,70,1
Johnsland,127978,421,10465,8,55,0
North Allen,148413,602,8934,13,75,1
West Morgan,113307,352,43101,15,50,0
New Jared,144799,632,44399,30,65,1
East Victoria,85444,650,27816,36,60,1
Marcuston,103060,372,36858,38,50,0
Zacharyton,148598,529,4077,17,60,1
Larryville,116752,692,33986,37,75,1
Port Joditon,112544,545,17579,35,55,0
Butlermouth,138028,818,28231,28,95,1
West Jamesshire,57235,736,48978,28,60,1
Kevinville,114874,313,45758,35,50,0
Tinaville,45220,557,13585,17,30,0
Brianview,45118,418,4442,10,40,0
North Jaredchester,133341,535,7578,28,60,1
North Larry,59154,646,36427,28,50,0
Schneiderbury,113695,340,27650,2,45,0
Sarahfort,35276,645,40608,27,40,0
Dylanfort,122260,717,24614,27,80,1
Wilsonview,90946,344,5341,19,55,0
South Amandafort,111678,400,30651,31,50,0
Garciamouth,57460,315,48346,9,30,0
Tammyburgh,103259,516,13129,5,50,0
South Josephberg,100329,367,10273,25,55,0
Palmerland,40350,468,17191,40,25,0
Hernandezland,126434,823,5918,6,95,1
Port Cory,44029,576,16453,35,30,0
Williamsmouth,90910,395,21224,0,35,0
Gomezfort,87091,734,32541,26,70,1
Marcustown,90515,711,43860,20,65,1
Jessicaborough,147002,728,12820,26,85,1
Stoneberg,68469,827,10160,20,85,1
North Ericton,149686,383,18832,28,55,0
Mcdanielville,135932,803,12112,7,95,1
Port Samantha,135620,658,21000,14,70,1
North Jake,134363,341,9760,25,60,1
Brooksfurt,30074,759,25739,24,60,1
Sellersland,107356,626,34344,7,60,1
West Crystalland,100457,629,4560,29,75,1
Michealmouth,58016,817,27014,40,75,1
Port Michaeltown,107110,796,9947,12,95,1
North Richardton,50635,300,6956,38,45,0
Williamsstad,105965,715,36518,6,70,1
South Pamelahaven,67388,422,45610,24,35,0
Port Ronaldside,126542,366,20191,30,55,0
Jillhaven,149333,307,43915,16,50,0
Carlaburgh,55443,746,45493,20,70,1
Brownstad,63862,740,32025,13,70,1
Rachelside,35720,718,25563,19,50,0
Lake Alanland,64795,312,27951,6,30,0
Jenniferhaven,93464,795,8389,17,90,1
Lake Oliviaborough,129680,767,1032,16,95,1
Justinside,148664,575,28060,12,55,0
Robinsonfurt,57152,596,17196,1,40,0
West Daniel,46361,326,21444,36,25,0
Brandiview,82184,338,6636,23,55,0
West Kathryn,41395,843,1037,38,80,1
Bennettfort,143830,484,38751,32,50,0
West Danielton,138885,332,40595,11,50,0
Carlosbury,137099,535,21691,26,55,0
Wheelerburgh,143331,785,39461,35,85,1
West Jamesside,31504,581,9203,40,45,0
Shafferbury,89692,733,15287,9,70,1
Nancytown,111959,605,38221,38,65,1
Rhodesmouth,97889,326,19630,7,45,0
Allenland,74092,456,38152,40,35,0
West Debratown,105456,764,34896,21,85,1
New Brendaland,114696,322,5225,12,60,1
New Heatherville,72992,431,28952,1,25,0
Madelinetown,86346,440,34958,18,40,0
Montgomerytown,81717,838,13108,8,85,1
West Tiffany,122778,599,19961,36,70,1
Aaronstad,135708,665,30645,35,70,1
South Dianamouth,45866,465,10166,22,35,0
East Alice,107304,785,1643,20,95,1
New Stacy,64663,810,17319,33,80,1
East Jackborough,143980,643,44123,28,65,1
Susanburgh,118039,304,21526,15,55,0
New Frank,38799,635,48259,17,40,0
Andersonport,85933,699,28319,23,70,1
South Ronaldshire,33379,322,28023,14,25,0
Brockmouth,125673,750,22937,27,90,1
Jonesview,105470,566,26020,10,55,0
Brittneyhaven,86985,821,35887,31,80,1
West Jeffreymouth,77447,401,47838,21,40,0
Jaredchester,36028,789,42629,39,60,1
Lake Coreyborough,58010,816,47383,30,75,1
New Virginiaville,54890,320,4161,7,45,0
Kempshire,85108,450,38043,28,40,0
West Melissamouth,149725,665,14304,9,70,1
Danielleshire,57801,537,5767,15,50,0
North Elizabethmouth,146294,326,4140,4,50,0
Port Nathanielville,127771,329,15681,3,45,0
North Johnhaven,35229,612,22860,31,40,0
Jacobshire,123032,715,30629,13,80,1
Millerchester,75508,553,41475,9,35,0
East Matthew,78571,790,5020,32,90,1
Donnashire,134767,335,26233,40,55,0
Michaelhaven,32068,582,33245,19,40,0
Solisside,79131,349,17593,37,50,0
Port Sarahchester,129374,431,42698,24,50,0
Vaughnchester,124646,813,41073,30,90,1
North Cynthiaview,107236,345,1232,21,60,1
North Stacy,49342,534,6831,29,35,0
Stevenberg,109276,471,42981,21,50,0
South Joseph,143249,354,31162,39,55,0
Andersonbury,73573,372,42785,7,30,0
East Theresaside,130789,811,2971,25,100,1
Prestonfurt,77419,600,1416,39,70,1
Samuelfort,89429,424,2891,40,55,0
East Hannah,67777,767,12628,2,70,1
West Ronald,58906,686,38445,10,60,1
West Toddside,142814,390,13217,12,60,1
Connieville,34809,486,32954,0,10,0
Williamsonview,115990,452,6836,23,60,1
North Joseph,61385,340,5769,12,50,0
Teresaburgh,101482,819,7973,40,100,1
Courtneyhaven,104847,725,28759,25,75,1
Roblesberg,136266,793,11183,40,95,1
West Jessica,64760,527,45978,34,35,0
West Mary,104607,495,49982,8,40,0
New Theresaland,41915,838,36656,32,65,1
Rodriguezstad,40155,596,3639,33,55,0
Sanchezfort,58657,716,13478,6,65,1
Mejiabury,106099,499,35075,21,50,0
South Janice,89600,822,23104,17,85,1
West Melissa,49936,496,34647,17,25,0
Jamieland,124972,498,25758,40,55,0
East Brittany,144154,488,15220,6,50,0
West Christopher,66347,850,22921,24,80,1
East Richardfort,89510,835,48384,36,80,1
Wellsview,84008,746,37522,27,75,1
Brendahaven,46614,546,10058,30,35,0
West Jamesview,147831,354,31471,0,40,0
Jonesville,101874,468,4504,13,60,1
Courtneytown,141151,372,26223,21,55,0
West Tonya,38993,718,29883,40,50,0
Port Michelleland,124466,346,43038,36,50,0
Kurtshire,106983,350,48578,10,45,0
Maryfort,58569,766,10661,38,80,1
South Jorge,102667,488,14445,35,55,0
Stewarthaven,122435,336,45314,6,45,0
Lake Charlesfurt,72823,436,15295,17,45,0
Normanstad,124058,833,30510,26,95,1
New Reginald,93904,374,15617,24,50,0
Serranoville,145456,481,32186,39,55,0
Davisberg,76984,328,34180,28,40,0
Aliside,122591,762,3738,0,80,1
Adamsfort,128453,322,21743,24,55,0
Andrechester,129693,483,8013,6,55,0
Shieldston,60495,400,4972,25,50,0
Angelafort,52962,540,25594,34,35,0
Valdezberg,71441,674,26722,14,65,1
Dannyland,144389,752,25531,38,90,1
Gabrielton,115180,709,22731,27,80,1
Warrenport,59389,741,12182,11,80,1
South Brian,103147,381,19117,39,55,0
Jacobhaven,30282,546,4720,38,35,0
South Amandatown,108047,704,8646,0,70,1
West Stephenview,139408,464,14721,35,55,0
Lake Alexandermouth,143993,372,11239,37,60,1
North Paula,134935,587,4839,30,75,1
West Michellefort,124155,782,49296,26,85,1
East Jeffreymouth,65325,526,5176,39,50,0
New Sierra,119241,318,41654,5,45,0
Walkerville,82581,658,37455,23,55,0
Lewisborough,47927,795,39427,4,50,0
Leeland,130898,325,49329,14,50,0
Campbellborough,78368,839,15251,6,85,1
East Williamshire,129613,828,8975,10,100,1
Waltersfort,143571,393,31802,22,55,0
South Christina,79441,748,49388,9,70,1
Lake Lori,83883,376,39790,36,40,0
Coryport,127004,469,8769,18,60,1
Tommyfort,43104,306,33888,8,20,0
North Michael,140474,543,39591,20,50,0
East Rebeccaview,141848,798,27164,29,90,1
Andrewburgh,87080,481,26834,38,45,0
Port Tracyborough,93156,721,22675,6,70,1
Lake Victormouth,31330,723,27895,22,50,0
Perezland,102140,495,48455,23,45,0
Lake William,107993,477,42635,0,35,0
Cynthiamouth,83424,579,17117,20,50,0
Kochfort,133247,392,13095,16,60,1
Andrewshire,99588,304,31262,18,45,0
